<?xml version="1.0" encoding="UTF-8"?>
<QCARInfo>
<TargetSet version="27.0" toolVersion="10.16.3">
<ModelTarget name="lowpoly_car" targetId="8a696167141547f6b474a1b5b40e9aac" version="14.0" toolVersion="10.16.3" bbox="-0.045044 0.009956 -0.022544 0.045044 0.070044 0.022529" previewImage="8a696167141547f6b474a1b5b40e9aac_preview.jpg"/>

</TargetSet>

<Assembly name="lowpoly_cars_assembly" assemblyId="fc91a47630eb4a0d86adf2add26da86a">
<Part name="lowpoly_car" translation="0 0 0" rotation="AD: 0 0 1 0"/>
<EntryPoint name="GuideView_01" translation="1.55943e-08 0.00707102 0.261629" rotation="AD: -0.965284 -0.399834 0.965284 148.6" image="lowpoly_car_GuideView_01.png" trained="no">

</EntryPoint>

</Assembly>

</QCARInfo>
