<?xml version="1.0" encoding="UTF-8"?>
<QCARConfig>
<Tracking>
<ModelTarget name="Car_Target" motionHint="static" trackingMode="car" optimizeTrackingFor="low_feature_objects"/>

</Tracking>

<Assembly name="Car_Targets_assembly" assemblyId="483383d9a5034f3880958c56ddb106f9">
<Part name="Car_Target" translation="0 0 0" rotation="AD: 0 0 1 0"/>
<EntryPoint name="GuideView_0001" translation="2.38356e-08 0.0254183 0.199947" rotation="AD: -0.990619 -0.197046 0.990619 164.142" trained="no">

</EntryPoint>
<EntryPoint name="GuideView_0002" translation="-1.86264e-09 0.0247384 0.201589" rotation="AD: 0.999522 0.0823528 -0.414016 200.767" trained="no">

</EntryPoint>

</Assembly>

</QCARConfig>
