<?xml version="1.0" encoding="UTF-8"?>
<QCARConfig>
<Tracking>
<ModelTarget name="lowpoly_car" motionHint="static" trackingMode="car" optimizeTrackingFor="low_feature_objects"/>

</Tracking>

<Assembly name="lowpoly_cars_assembly" assemblyId="fc91a47630eb4a0d86adf2add26da86a">
<Part name="lowpoly_car" translation="0 0 0" rotation="AD: 0 0 1 0"/>
<EntryPoint name="GuideView_01" translation="1.55943e-08 0.00707102 0.261629" rotation="AD: -0.965284 -0.399834 0.965284 148.6" trained="no">

</EntryPoint>

</Assembly>

</QCARConfig>
