<?xml version="1.0" encoding="UTF-8"?>
<QCARConfig>
<Tracking>
<ModelTarget name="Vuforia_RZR_Toy" motionHint="adaptive" trackingMode="car" optimizeTrackingFor="default"/>

</Tracking>

<Assembly name="Vuforia_RZR_Toys_assembly" assemblyId="fce6dc87169848ed8b06703a6c90bbc6">
<Part name="Vuforia_RZR_Toy" translation="0 0 0" rotation="AD: 0 0 1 0"/>
<EntryPoint name="Front" translation="0.00868266 0.0253709 0.318091" rotation="AD: 0.9998 0.0676641 -0.316645 202.983" trained="no">

</EntryPoint>
<EntryPoint name="Back" translation="0.0115742 0.0230629 0.31342" rotation="AD: 0.760222 -0.692604 2.82816 187.08" trained="no">

</EntryPoint>

</Assembly>

</QCARConfig>
